'id','firstname','contact_no','email'
'1','Roland','964558326','Roland61@gmail.com'
'2','Gordon','652317510','Gordon75@yahoo.com'
'3','Clarence','549836955','Clarence97@yahoo.com'
'4','Cora','802667285','Cora.Rippin5@hotmail.com'
'5','Vickie','008215266','Vickie64@gmail.com'
'6','Carlos','394157876','Carlos22@yahoo.com'
'7','Luis','251900629','Luis_Dickinson-Schinner7@gmail.com'
'8','Suzanne','826296315','Suzanne3@yahoo.com'
'9','Leslie','990774048','Leslie.Cummerata88@gmail.com'
'10','Alfredo','921303938','Alfredo64@gmail.com'
'11','Clara','177741687','Clara12@yahoo.com'
'12','Lester','324613791','Lester54@yahoo.com'
'13','Joann','651689870','Joann99@hotmail.com'
'14','Lauren','458166761','Lauren_Braun@yahoo.com'
'15','Sylvia','912343509','Sylvia.Runolfsson65@yahoo.com'
'16','Duane','566547463','Duane39@hotmail.com'
'17','William','699741314','William88@yahoo.com'
'18','Tyrone','758015994','Tyrone.Pfannerstill69@gmail.com'
'19','Christine','679122021','Christine67@hotmail.com'
'20','Ella','189911638','Ella77@gmail.com'
'21','Alicia','729491411','Alicia_Wiegand83@hotmail.com'
'22','Mack','190434146','Mack.Rosenbaum@gmail.com'
'23','Mona','645156267','Mona92@hotmail.com'
'24','Merle','485868757','Merle_Pfannerstill88@hotmail.com'
'25','Jeffery','877455370','Jeffery.Tillman11@hotmail.com'
'26','Irving','175548170','Irving.Gislason41@gmail.com'
'27','Jo','215389943','Jo_Volkman34@yahoo.com'
'28','Sue','638455687','Sue.Zieme49@hotmail.com'
'29','Gustavo','069667798','Gustavo52@gmail.com'
'30','Archie','138897143','Archie_Shanahan63@yahoo.com'
'31','Luis','475479020','Luis_Upton@yahoo.com'
'32','Dana','704825811','Dana.Blanda67@yahoo.com'
'33','Ramona','763234362','Ramona.Jenkins50@gmail.com'
'34','Ricky','967089601','Ricky_Will@gmail.com'
'35','Jodi','282621359','Jodi48@gmail.com'
'36','Lula','660380843','Lula56@gmail.com'
'37','Brian','761847201','Brian.Kshlerin@yahoo.com'
'38','Barbara','747703301','Barbara57@hotmail.com'
'39','Yolanda','583599614','Yolanda.Dach77@gmail.com'
'40','Gabriel','517078619','Gabriel_Crooks11@hotmail.com'
'41','Sarah','000322665','Sarah97@gmail.com'
'42','Reginald','674423327','Reginald8@yahoo.com'
'43','Ebony','183124573','Ebony.Breitenberg@yahoo.com'
'44','Steve','846322531','Steve_Schaefer75@hotmail.com'
'45','Camille','502065116','Camille.Goodwin@hotmail.com'
'46','Melba','907436324','Melba.Mayer@hotmail.com'
'47','Laurie','088608369','Laurie57@hotmail.com'
'48','Krystal','671784577','Krystal.Marquardt0@hotmail.com'
'49','Jacqueline','384066825','Jacqueline.Ortiz53@yahoo.com'
'50','Horace','083288962','Horace67@yahoo.com'
52','Horace','083288962','Horace67@yahoo.com'
