"id","firstname","lastname","email"
"1","Darrel","Aufderhar","Darrel_Aufderhar@yahoo.com"
"2","Wilson","Kertzmann","Wilson_Kertzmann@gmail.com"
"3","Hazel","Considine","Hazel_Considine96@gmail.com"
"4","Billie","Kovacek","Billie.Kovacek@yahoo.com"
"5","Hope","Hauck","Hope81@yahoo.com"
"6","Julius","Lowe","Julius.Lowe41@yahoo.com"
"7","Wayne","Tromp","Wayne_Tromp77@hotmail.com"
"8","Marlene","Schmeler","Marlene.Schmeler@hotmail.com"
"9","Alicia","McKenzie","Alicia55@gmail.com"
"10","Derek","Sanford","Derek2@yahoo.com"
"11","Rebecca","Rosenbaum","Rebecca58@hotmail.com"
"12","Al","Halvorson","Al_Halvorson71@hotmail.com"
"13","Floyd","Doyle","Floyd22@gmail.com"
"14","Rosa","Rippin","Rosa_Rippin@yahoo.com"
"15","Rachael","Reilly","Rachael35@hotmail.com"
"16","Jackie","Sipes","Jackie.Sipes53@gmail.com"
"17","Geoffrey","Cruickshank","Geoffrey.Cruickshank15@yahoo.com"
"18","Cora","Deckow","Cora93@gmail.com"
"19","Aubrey","Hickle","Aubrey_Hickle44@gmail.com"
"20","Kerry","Carroll","Kerry.Carroll40@hotmail.com"
"21","Brett","Klein","Brett25@hotmail.com"
"22","Emilio","Kuhn","Emilio_Kuhn99@yahoo.com"
"23","Linda","Mraz","Linda19@hotmail.com"
"24","Morris","Considine","Morris_Considine@hotmail.com"
"25","Tracy","Keeling","Tracy55@hotmail.com"
"26","Sonya","Wyman","Sonya_Wyman32@yahoo.com"
"27","Nora","Auer","Nora61@gmail.com"
"28","Brad","Stiedemann","Brad_Stiedemann@hotmail.com"
"29","Jeremiah","Quigley","Jeremiah_Quigley@yahoo.com"
"30","Katrina","Bayer","Katrina50@gmail.com"
"31","Dianne","Romaguera","Dianne.Romaguera@gmail.com"
"32","Troy","Schneider","Troy98@gmail.com"
"33","Pearl","Leannon","Pearl.Leannon74@gmail.com"
"34","Dwayne","Pollich","Dwayne.Pollich25@yahoo.com"
"35","Karla","Ullrich","Karla.Ullrich83@yahoo.com"
"36","Latoya","Rowe","Latoya_Rowe@yahoo.com"
"37","Rosalie","Daugherty","Rosalie32@gmail.com"
"38","Laurie","Kuphal","Laurie.Kuphal@yahoo.com"
"39","Micheal","Kilback","Micheal.Kilback@gmail.com"
"40","Jamie","Koch","Jamie_Koch26@gmail.com"
"41","Anthony","Skiles","Anthony_Skiles@gmail.com"
"42","Darnell","Wilkinson","Darnell.Wilkinson@gmail.com"
"43","Valerie","Leffler","Valerie26@hotmail.com"
"44","Mark","Zulauf","Mark_Zulauf@yahoo.com"
"45","Audrey","Terry","Audrey53@gmail.com"
"46","Levi","Rice","Levi.Rice97@gmail.com"
"47","Betty","Lueilwitz","Betty_Lueilwitz21@gmail.com"
"48","Kayla","Waelchi","Kayla_Waelchi54@hotmail.com"
"49","Carroll","Schinner","Carroll_Schinner29@gmail.com"
"50","Stella","Langosh","Stella.Langosh@hotmail.com"